"","alcohol_tr","aspirin","bmi_tr","calcium_sup_cat","diab","factor.newscr.1","factor.newscr.2","famhx1","fruit_tr","heightcm_tr","nsaids","redmeat_tr","smk_ever","smk_pkyr_tr"
"1",0.0055,-0.1276,0.0299,-0.1309,0.2137,0.4079,0.4408,0.2512,-0.0046,0.0054,-0.2197,0.1001,0.034,0.0057
"2",0.00591377478508237,-0.16625924537329,0.00972556052110706,-0.155488133312378,0.172263790648479,0.429073291511833,0.334052295428105,0.284649117049356,-0.0120365912842285,0.0105764240396581,-0.158120946408646,0.258823496691258,0.0066475289165091,0.00670147185110574
"3",0.0101774330796153,-0.184034383036712,0.0241293254168324,-0.113318331871434,0.156354303116879,0.82219437380356,0.311700715043542,0.305498655788442,-0.0161750006210138,0.00354679208259897,-0.210785078014424,0.284127800246608,0.116539817597938,0.00374590125465797
"4",0.00872866628196949,-0.135352482205966,0.0255095620533579,-0.105626749997871,0.207578945860366,0.469366941967678,0.489307744423731,0.306790995923197,-0.0094591862056462,0.00822248226126912,-0.25106520006123,0.178264879690136,-0.00131657336948438,0.00688654190827576
"5",0.00551547496771087,-0.157896561064838,0.0421572359335013,-0.119118463825815,0.2031767260401,-0.515480586310656,0.436808753947451,0.196926368092287,0.0357139038948633,0.00699609720173457,-0.199026493558975,0.286379253410158,0.0278563804162228,0.00587998007454915
"6",0.00997636921457394,-0.088133983576303,0.0225394827368407,-0.162282792712527,0.348030950110368,0.0193889803937137,0.486022337936415,0.133220696794994,0.00512814517968359,0.00879082994805538,-0.238690411583522,0.107561014251518,0.0620377290619825,0.00465003759769107
"7",0.00577137355018795,-0.19316553065257,0.0227509898247752,-0.118771238274897,0.272881466076768,0.0734487439983205,0.431565058574062,0.293849226584338,0.00622564266041131,0.00509060267878674,-0.165111519396477,0.0854793091145662,0.0489358018089301,0.00545233007711046
"8",0.00960214659190533,-0.142968146990047,0.0378106191215408,-0.137887743512912,0.219654611979823,0.208481300784647,0.450841942414604,0.224541654117443,-0.0076518989939785,0.00365195758001686,-0.27288690085362,0.116246805484625,0.0501096793137292,0.0043109159708346
"9",0.003378947998707,-0.103430595276714,0.0426522008519155,-0.135025752794024,0.277541155109407,-0.302104546424763,0.560508411311343,0.172314817391933,-0.0177250815510995,0.00818678887381155,-0.186065172309484,0.0982607182272937,0.0336565599923871,0.00639059886850211
"10",0.00695531695981905,-0.185601765895561,0.038266011207248,-0.0440135619977692,0.233111338632503,0.777008961236921,0.749099630129539,0.199970995990776,5.80967422469676e-06,0.00812470396369834,-0.22861770570626,-0.0692017909059047,0.00927339192115974,0.00740793725012674
"11",0.0035757478285008,-0.0671009750454565,0.0197166322298795,-0.0817210093901496,0.246712657032325,0.364778535812708,0.729772503782278,0.207207550114658,0.00501309750872728,0.00259198629789295,-0.232929563389557,-0.0875550391357678,0.0457713726254126,0.00564595119371767
"12",0.00398782415096235,-0.158409907037722,0.0330416713122002,-0.180419094104084,0.230211704500818,0.311834562163533,0.240561629336733,0.202972753500475,0.029919237814201,0.00652590779638972,-0.249102811296821,0.0111559413192144,0.0955320158710848,0.0048416900555335
"13",0.00184113180377873,-0.133427356837612,0.0181268458703093,-0.127966264835694,0.17502912138605,0.567147613218485,0.714625977722612,0.247888255350543,0.0116384099920653,0.00349222141330773,-0.234740254397169,0.0390754996277866,0.00337223211496096,0.00702023187144865
"14",0.00779646741440372,-0.110146199990429,0.0102728717358028,-0.0722583407216807,0.233606273811994,-0.414337362830611,0.279034989939583,0.225539822660879,-0.00682171337475024,0.00437586644674813,-0.233042398323357,-0.103508132100389,0.0658807264188157,0.00554186737253233
"15",0.00632277297632614,-0.140790665859077,0.0290822559405119,-0.0262043817056846,0.224564082614253,0.665445587095876,0.356665861476699,0.268651723361844,-0.00381576435203084,0.00375357233599496,-0.28197993200559,0.0100668141984997,0.049542420282099,0.00455781001916744
"16",0.00753846352158475,-0.134451522509999,0.0314636680840225,-0.202279931357761,0.259317694741152,0.525689070837106,0.747532260620056,0.21092315715984,-0.00916983243389709,0.00679783384991548,-0.221762869847461,0.1248145390693,0.0319397978476457,0.00689426623726238
"17",0.00373487316488682,-0.123875500433877,0.0441428866951278,-0.199359456356508,0.23307599556561,1.29787505207728,0.257815317384538,0.316558323981138,-0.0310534809791596,0.00325413990228769,-0.22553485214042,0.242595900359728,0.0727925834698826,0.00423358575823107
"18",0.00312445288292911,-0.115413780711547,0.023507492241273,-0.207495342837094,0.2193960646545,1.07827492920425,0.660072338821762,0.21287538766505,-0.00769277551916449,0.00330464158570991,-0.316269673654434,0.273710467192365,-0.012510424064821,0.00623684947696251
"19",0.0077615061818468,-0.0943503760032488,0.00818393086805477,-0.123188761550121,0.291516551410372,-0.152032461554593,0.400412985491199,0.206998244382737,-0.0120956829164594,0.00326266668546044,-0.0757823977430977,0.0336895823102035,0.121633392950266,0.00362586921692584
"20",0.00691615087486125,-0.112373141191119,0.023788244808277,-0.148286953681856,0.223535572107136,0.490249021116571,0.265265751645304,0.259004309161134,-0.0220855964765546,0.0078836649641308,-0.297637506001861,0.147957416576125,0.065029194486847,0.00389136459444977
"21",0.00960063119212866,-0.1269097642824,0.0252331221538974,-0.155335549089757,0.216410096319271,-0.657492061907398,0.213996350537241,0.191880842794597,-0.00945442326115109,0.00533443044339222,-0.26084065587947,0.0988637743108093,0.0158658158563648,0.00568840406440761
"22",0.000407705409603165,-0.106964117496227,0.0317068787054011,-0.157963881245418,0.191825239686065,-0.795201533041173,0.269131852350318,0.214213288204593,-0.0226029067350943,0.00435302822739411,-0.21899041302959,-0.00638656930156391,0.0300815099786731,0.00508467386972044
"23",0.00623954560593862,-0.17230536219619,0.0268358747621368,-0.015097066924582,0.211567840744274,1.48027744618058,0.38624407582247,0.327584370047732,-0.0050091535444594,0.00651634327358992,-0.208077389885171,0.0720561542766998,0.0585976381709335,0.00509311705602904
"24",0.00479011302534303,-0.171725965652696,0.032915040899165,-0.10095177266668,0.211837525707138,-0.577227223382547,0.295740637806431,0.222628221935358,-0.0167623203474664,0.00399306452697261,-0.221871492248559,0.0221459823848162,0.0115335642408146,0.00517588587213175
"25",-0.00109328781990852,-0.14846383070956,0.0121034628933612,-0.0823596375678022,0.168645386527522,0.476702978612765,0.118874076534886,0.268098511811568,-0.0283629344226219,0.00399790577636238,-0.221432203835562,0.0616826209781362,0.0575812112851066,0.00430738480857501
"26",0.00744800085948014,-0.149727816907815,0.0110720554105691,-0.163660732067091,0.181151679352716,0.504890302195061,0.729626952439297,0.216360615060826,-0.0134109279150178,0.00232895716058188,-0.239967751305031,0.19042962994166,0.0242724372573575,0.0048593567377719
"27",0.00445815441002909,-0.112101047354835,0.0368708309645878,-0.164326792470252,0.168380814103159,0.518568348931291,0.195210597211703,0.225935219812014,0.0103810028080523,0.00191995740431263,-0.198858566138482,0.0045565734620495,0.071631403347422,0.00533665282726657
"28",0.000973886922714546,-0.112144419635803,0.02034998179089,-0.0617799389742606,0.193971609704879,0.30780544411515,0.464960795540169,0.230351271380541,-0.0300200545752881,0.00757408807490238,-0.277883230917974,-0.0676751656584141,0.0329751682359653,0.00556335858016263
"29",0.00513565770877536,-0.148185991624,0.011310395679867,-0.118948729913615,0.219169758722209,0.942299956229809,0.189435787743491,0.261890328239273,-0.0148746384612863,0.00600323267272243,-0.253483535657806,0.0830355520977288,-0.0012709767562135,0.00593130177705919
"30",0.00465769760066941,-0.148265806106878,0.0469886196433584,-0.098950975461307,0.187223006081893,0.0324659042206608,0.220893062455435,0.257461649827741,-0.0184619675598112,0.00690451834749598,-0.257663532910852,0.134724638111037,0.141447510145369,0.00307783784828479
"31",0.00758011977326226,-0.130230726313416,0.0348759256589871,-0.11220159305245,0.267434870229219,0.273677096876761,0.222898719728958,0.248036316339475,-0.0119846675804276,0.0044830383911712,-0.141396637416477,0.207337002006404,-0.0223617204507144,0.00639836028271418
"32",0.00438088232640422,-0.198162474470262,0.0205367678586046,-0.140321567901022,0.20936395672657,-0.338700664679118,0.337207864991335,0.222659641327471,-0.0117349597623592,0.00687856956624491,-0.163321581086346,0.0958328031888218,0.0250968739128595,0.00533985066943603
"33",0.00528091025122285,-0.121596480225784,0.0383152761323058,-0.130610858047701,0.118567195582853,-0.268277241705967,0.584200510981033,0.273572008936215,-0.0115101417484703,0.00307338241160815,-0.196174048054772,0.0593565114064088,0.088113274693841,0.00522881699512621
"34",0.0089867317154277,-0.177811228034986,0.0327655190024251,-0.238332186175088,0.229439503265005,0.325327156676802,0.145943293725016,0.25359350433153,-0.00687650670990822,0.0059870708369441,-0.252763416014354,0.242601724232774,0.0955833596511799,0.00451894883375629
"35",0.0081527057325985,-0.137285090615446,0.0275747028240012,-0.113625740172624,0.232786868362637,1.04277666527695,0.657713667202019,0.285063419405131,-0.00667566750234594,0.00530435778028129,-0.113178930629181,0.135286119343065,0.0493604816496083,0.00556626357942448
"36",0.00667205372720289,-0.158792178180421,0.0253610630486858,-0.198239721831704,0.29526857955554,0.723810442456759,0.354451701616987,0.247829285695902,-0.00998573602699358,0.00513374236362386,-0.187658477278693,0.094653523932832,0.031442892605885,0.00510526781613896
"37",0.00633714660055654,-0.153865469544684,0.0526039708357054,-0.157171562152635,0.241286537811241,0.310627630198345,0.39855283534159,0.238705934937527,-0.0200616828212053,0.00437114211742257,-0.170969884882996,0.04374021465535,-0.0283625854137893,0.00746339453408443
"38",0.00472297681388616,-0.125047497977699,0.048316800262644,-0.192715830572593,0.111326384230131,0.808681141656071,0.496088098370947,0.276300977977781,0.0379883790637911,0.00679909518393296,-0.209876129994209,0.191428413948889,0.0750576737742637,0.0055711329099918
"39",0.00327353638485765,-0.170529418400897,0.0313789559776108,-0.132349664712175,0.274261000812923,0.174208860460804,0.607641854725133,0.262188063875034,-0.0514829644442112,0.00559200649988422,-0.138914419631306,0.17690119245512,0.0630501624398662,0.004165419143589
"40",0.010659715143665,-0.0868861763159043,0.0471161653646579,-0.157386850974314,0.237127541866712,1.3506002723213,0.219259660644179,0.17306683282247,0.0140533741151785,0.00373789288564596,-0.241860811578367,0.308280175402702,0.0397475814778003,0.00705831664263422
"41",0.00326569645505387,-0.097844800637773,0.0168202655124473,-0.0846696447934235,0.19086982179065,0.0246052083197167,0.382457847783855,0.218474964435449,-0.0467635472919854,0.00401303983543419,-0.210347406867622,-0.11995200194459,-0.0400652279441837,0.00683920442851718
"42",0.00889609574309577,-0.144139264455583,0.0171551671539286,-0.192816362034044,0.268003305668929,0.0763307823647177,0.383469213343509,0.285030674428687,0.0471696612285181,0.00854281552442231,-0.297666630584062,0.281067266108775,0.0168359037981449,0.00621861791696623
"43",0.00482189624367706,-0.138261076331017,0.0375663788959428,-0.15857227374497,0.294214251105225,-0.250869275170812,0.323605808703888,0.184455373280803,0.0260308970470008,0.00677363190225735,-0.222768243328746,0.326212298070101,-0.0138380427716523,0.00647946925466587
"44",0.00768406189081385,-0.102762520536981,0.0392410720410887,-0.118695334302373,0.208950285148382,0.905527127196754,0.411523374725307,0.227164376553616,-0.00835260045441941,0.00274104213316411,-0.173492058732284,0.0127082939808003,0.0690395973682658,0.00667137542902229
"45",0.00323687606614225,-0.121624038021686,0.0201737543805073,-0.146903642799563,0.121697717494989,0.933334996736434,0.257752187090932,0.235493664568654,-0.0271168836295549,0.00964819946319588,-0.241319668478593,0.109535114167763,0.0350716567330325,0.00481876146505261
"46",0.00651355872636152,-0.114670143711112,0.0293116278410086,-0.197803699545646,0.156488002064329,0.530216607626587,0.430630973396298,0.237287923067439,-0.00375422054473525,0.0073311240405399,-0.282109874684111,-0.0138810478264475,0.0907867663706724,0.00496130731107112
"47",0.00324043818101875,-0.0792112565481736,0.040705037209482,-0.179360795715541,0.1680077119599,0.254997004582708,0.560315416876307,0.255221825563421,0.0267364584392728,0.00864643486377524,-0.219786154758486,-0.0236885580421695,0.0201411820504354,0.00640780758613105
"48",0.00752742565936519,-0.141174538878818,0.0398956643923364,-0.153597495388775,0.272790890953625,0.792496897577267,0.568556968559573,0.262876409572641,-0.0102373929687396,0.00785148429454113,-0.2313095588297,0.179420721185719,0.0180560403349382,0.00472453852807195
"49",0.00627240223380574,-0.11301963312359,0.00751803950576055,-0.0796950321698726,0.226515798292387,0.0525964220647493,0.159936346385587,0.242200195122533,0.0149497392845879,0.0115235819302709,-0.171024844375755,-0.0426788941242218,0.0374154563994715,0.00660306262829625
"50",0.00174441754890128,-0.0469525246064632,0.0523263206114423,-0.158429298375412,0.212853152223868,-0.316859970276854,0.450479599811147,0.225194029661219,-0.0017156322033032,0.00431775542857514,-0.257623118810447,0.195030195322282,0.0486747635968312,0.00558687472852733
"51",0.00749449192689518,-0.0870849625738278,0.0238663227993757,-0.101095756306479,0.208867910071163,0.779429277641779,0.367808792486967,0.213036692063038,0.00372851801379203,0.00581704949799946,-0.208458172270387,0.105156643868473,0.0992815224133361,0.00563367768730033
"52",0.00421428005946175,-0.15390944681746,0.0189976897674387,-0.0933419899513573,0.239836953050419,0.785700102186072,0.49651979789685,0.261775015160025,0.0156105331867858,0.00600936732353341,-0.336066138936621,0.18188187475189,0.0170103113971739,0.00619841475406983
"53",0.000613711873797918,-0.152645137975948,0.0362431697468556,-0.137750818448177,0.298618124246264,0.86340044781234,0.373344214137816,0.359410507656255,-0.0071031322074084,0.0056792101627512,-0.187958014810823,0.372710151152324,0.06027734911097,0.00547395857054112
"54",0.00617587641290599,-0.116664438292947,0.0248731678101861,-0.235418412879882,0.204765229875904,-0.409348140604731,0.446694914687342,0.288450580013086,0.000900166528569199,0.0027821316714924,-0.183358641318905,0.0331014361175952,0.0828676541705949,0.00522542554503298
"55",0.00344731966652527,-0.106382306064622,0.0269748135381614,-0.151377273313472,0.189278031401122,0.0938854173687261,0.370024083312492,0.21673925622481,-0.00157685321646919,0.00559136473077668,-0.204237447032951,0.147990163713175,-0.0222081569130335,0.00661129975990746
"56",0.00644781320904792,-0.181534755760415,0.033917901791881,-0.146474491162245,0.21705210923083,0.588701630143517,0.462563272000893,0.237191125077108,0.00385120671912752,0.00111157861616474,-0.183263177778596,0.0855786943387752,0.0264319907808846,0.00634508102890418
"57",0.00726227625543176,-0.135314909996003,0.0256629024294215,-0.102815544562691,0.242595990344163,-0.47990119894668,0.245898753529087,0.295639318667953,0.0166901138588744,0.00958412611274164,-0.170544624396402,-0.0109632998028663,-0.00318729794521878,0.00615599047848015
"58",0.00566537549970876,-0.145221606278182,0.0513769260000886,-0.126512557113952,0.163629226306084,0.500936208058367,0.593219681780676,0.25394555161686,-0.0467177207710653,0.00221145970037747,-0.206667542009768,-0.0261117070003513,0.0428163597367188,0.00643119836977176
"59",0.00565635682730125,-0.111519676184633,0.0381619850484301,-0.128391817435225,0.27583312473347,0.818476114518367,0.245263208353229,0.272058571925649,-0.020914008654819,0.0080989139096232,-0.216122885712866,0.273607188968806,-0.00271189316562389,0.00577149046504918
"60",0.00582451534569782,-0.140376904046066,0.0403992988668928,-0.0668286305861425,0.307156868592904,0.105189756146849,0.14268200969667,0.218710381724056,0.0175152696598914,0.00526490279709292,-0.252278567301338,-0.200893051021182,-0.0255076597393798,0.00580825500382497
"61",0.00599942939345612,-0.21426290160284,0.0508310464092708,-0.14620450364574,0.280794795039896,0.169896419731208,0.50960851448027,0.281807030264012,0.00155401883510284,0.0028918824845406,-0.238445664497307,-0.059199336169006,-0.00388618498472666,0.00750363450591276
"62",0.006583027877677,-0.162705674227819,0.0436683686934422,-0.116558504864608,0.185782280806462,1.27664002890018,0.702771162715374,0.284961434325933,-0.0325452714760137,0.00653352993140783,-0.18617879277041,0.304590113104455,-0.0297890408932599,0.00664559830673864
"63",0.00046358321261567,-0.0963021564122926,0.0152685066223781,-0.198825550880829,0.205124069371685,0.954333136825786,0.49039735374871,0.197831605193376,0.00165817423054307,0.00863997683814095,-0.287855089386693,0.0860875015543195,0.00825633185297237,0.00652609326040094
"64",0.00811510268433227,-0.0969866956470761,0.017437072483556,-0.155330956870456,0.211070038481476,0.282620495088592,0.504479045917865,0.254323401578841,-0.0148258843018393,0.00407472813283105,-0.247110321342635,-0.0387190462571494,0.0353675318245537,0.00543687506261681
"65",0.00487303620757612,-0.141173795819706,0.0267886315989621,-0.177322915393532,0.271302866342897,0.683886236055094,0.431262906725863,0.282040560703976,-0.0196840589101599,0.0057308892163951,-0.174650113359019,0.186816592616797,0.0660131980464803,0.00401518312127564
"66",0.00214277627243188,-0.0929530616119328,0.0448918319373674,-0.101229342934734,0.221913169784491,0.428421009252298,0.523369296001923,0.220035357964076,-0.0122968121662015,0.00638380790768598,-0.259577081484255,0.0541193681791396,-0.00405667744971491,0.00626115941527082
"67",0.0064500426673493,-0.127136342034222,0.0395359076819582,-0.185818437728364,0.120391674130962,0.376508400732252,0.77319400586885,0.267345473782348,0.0150995408002503,0.00498715524758637,-0.238524498077336,0.096752914779083,0.0580472925055259,0.00644542318479838
"68",0.00858074737557846,-0.191825891682306,0.0494666646759691,-0.161594183712878,0.186653665069965,0.286089954497722,0.598532212580144,0.191955840338738,-0.00351001240983141,0.00422008611183269,-0.212297825453427,0.191343740196491,0.0297177146585804,0.00413405709895665
"69",0.00947225133360087,-0.0897419473578231,0.0210477912903783,-0.08744555649325,0.175749313127587,-0.34936719191042,0.32092458392234,0.253102326251755,-0.0175873446633959,0.00652973978247877,-0.303828764518775,0.0207535844605726,0.0204296582335196,0.00539639022455536
"70",0.00755006769473528,-0.175189441591694,0.0349458250597093,-0.0270166120612517,0.239028690360109,0.289676365486941,0.370429295941679,0.219414495945133,0.0139689288443479,0.00814784801800123,-0.23208703857277,0.156864435916498,0.0488885708853923,0.00402085212544149
"71",0.00930549679084354,-0.108180012745793,-0.00552671705731186,-0.0729392131595765,0.223992086969865,0.447682433223874,0.6123153025568,0.248717317770126,-0.00192859800013379,0.00329466873939224,-0.187614854633907,0.26847157877056,0.134565509988556,0.00447526516376849
"72",0.0047953344248937,-0.0996030589525936,0.0178783502082837,-0.00242236877125557,0.262941387176541,-0.110125233705979,0.371260846424163,0.230540157011206,-0.00239021090404367,0.00592473781755259,-0.185429060582169,-0.0050604688873512,-0.0143475920699366,0.00715465225208413
"73",0.00645675509653465,-0.147091022181745,0.018359698867328,-0.175294331621348,0.290500408178074,0.387485698354948,0.413446030373898,0.225528500386262,-0.00318818522028442,0.00932258088225107,-0.282003660883762,0.125140630749469,0.0559086514896209,0.0054634657416651
"74",0.00590943016913593,-0.144116361934177,0.0191010482693482,-0.118815167446051,0.200663525170455,0.385632789828372,0.522742890186982,0.249935558654637,0.00730710672691521,0.00575576168696208,-0.128373936961423,-0.0833977236609389,0.00754959150764108,0.00810931939780357
"75",0.00704560715475549,-0.123642989076791,0.0288510608004196,-0.19631783026135,0.294706447306405,0.655370598545264,0.436507650212737,0.305890675673628,-0.0499466211066941,0.00677354154405211,-0.238402570701757,0.300394853558318,0.024970498256757,0.00538670363220619
"76",0.00915141197972812,-0.0984951772619008,0.0361331874318595,-0.110423053061633,0.240278316543236,-0.610600304503216,0.285881514959102,0.340297850910973,-0.0267579290802541,0.00116117674269384,-0.258169060607862,0.123351993167395,0.0269563992272925,0.005698053022673
"77",0.0124115004742211,-0.105143300434687,0.0262307811811477,-0.163493366914408,0.196046226565751,0.565278000922327,0.585746225432522,0.242715370308475,-0.0243780500277043,0.00280817797759128,-0.175501174581465,0.189739130619372,0.0193935786299839,0.00559283857687345
"78",0.0121607031672674,-0.14691918924251,0.0273191454095754,-0.15363741921431,0.278408482687395,0.84066876385743,0.238768832782671,0.259684383767689,0.0152819025954828,0.00303323803831391,-0.19830974430718,-0.0251583900814452,0.0188820523429189,0.00624962730253956
"79",0.00924520532312921,-0.136362223293055,0.0287764783102822,-0.0686492282725784,0.152950914007519,0.179917284912944,0.505562644916509,0.204457516300769,0.0193687280411186,0.00914670125104749,-0.245896630757872,0.146516216686062,-0.00317960977245439,0.00652157643299664
"80",0.00678455406770309,-0.10475391518222,0.0153051668317586,-0.113432330140312,0.179992374579496,-0.16770211952111,0.0718485713075344,0.289550626755729,-0.0143220418347563,0.00610405311343058,-0.309047220054083,0.205290875444838,0.00895714793684717,0.00514349752948562
"81",0.00152659385183812,-0.130843640408264,0.0430663149169164,-0.0271814948729716,0.174376184627185,-0.516610389665697,0.0612553340371746,0.139299390100475,-0.00266236202920983,0.00749800085179472,-0.187461679022857,0.384285422186892,0.00271297529340701,0.0060315915493089
"82",0.00724336002077926,-0.115824100784601,0.0253440955534106,-0.116400389124957,0.22008913921161,0.484620885348317,0.34039858135919,0.234841008491911,-0.0261619786275957,0.00645986657157795,-0.273726949390053,0.116354948622791,0.00422396288364934,0.00767884550337605
"83",0.00868952592080121,-0.153363923543338,0.0412831421396798,-0.0550107112217365,0.285446795789661,0.92640675036017,0.0642331761201859,0.279123286415389,-0.00821634475723618,0.00795444622090479,-0.262885790884867,0.0328447405124003,0.0693323888049988,0.00345590213622844
"84",0.00976396297529302,-0.122654961832145,0.0272269078354494,-0.254988746609893,0.226387998434714,-0.258092616238834,0.192780242744215,0.253645639064544,0.0126543082938812,0.00605933284347269,-0.170794694907655,0.247450321486657,0.0408774581411764,0.00411819126524246
"85",0.00198927843538257,-0.151160477623935,0.054594911230792,-0.0785700481264573,0.166295453640072,0.457441212716387,0.529466862151759,0.24309331893075,-0.00165833786882367,0.00797351448188362,-0.286537481678335,0.10154967766397,9.89990402266022e-05,0.00608777051558105
"86",0.00428576974571603,-0.1231927773841,0.0281588946674234,-0.150893137169395,0.249951591357986,0.596746805485061,0.463660458176339,0.201764157225965,0.0347836853720926,0.00555906373844396,-0.263017941650449,0.0508941340268038,0.01299357325432,0.00719340295923034
"87",0.00378218020610792,-0.142701535256579,0.0281811001575449,-0.16577556662959,0.230830376041709,-0.383349403024586,0.223855849416439,0.303388416185069,-0.0153153626990724,0.00665569924774688,-0.201074166983365,0.0502814300020427,0.0420228811596114,0.0052373110823136
"88",0.00766381616552717,-0.147680319846896,0.0148665390086508,-0.165252852942784,0.315255545234836,-0.992336008161956,0.505657563655083,0.240113315961638,0.0431236435126071,0.0068525520048286,-0.176002153413721,0.014727907283906,0.0398810950089467,0.0061352922972634
"89",0.00537603760102542,-0.124516506320576,0.0271922856929718,-0.184140954853518,0.196088242455193,0.705166201221907,0.272075694863787,0.272137374913805,-0.00670119900546652,0.00189024969519511,-0.164553119840597,0.286759150792033,0.0697839825557988,0.00476838687322524
"90",0.00404313027046857,-0.145566694937207,0.0315678652885365,-0.180166309407688,0.293430638589917,1.47767990536488,0.505799278406149,0.276124388522493,-0.00500347263292252,0.00444572226318116,-0.189120827995011,0.0997946872493425,0.00746035884639758,0.00720354327319769
"91",0.00672249276815998,-0.128498518711805,0.0235504051748831,-0.0962599982545321,0.222038765624636,0.509514734154903,0.37049663457135,0.227106730946696,-0.0110047006123,0.00501305184231439,-0.174207377932955,0.0962019039954198,0.0693320702659181,0.00545562034088823
"92",0.00269551592212234,-0.130176854475817,0.0367827677323301,-0.0789819498091195,0.251634962180578,0.0431708511366115,0.376306529266451,0.238256298212526,0.0365100388925674,-0.000358062685189869,-0.21231638391554,0.345362193069854,0.0786314842181584,0.00500266922334046
"93",0.0074485243115669,-0.130671320359155,0.0124802761158558,-0.237000994074473,0.269452059756702,-0.182318614832577,0.373186773533999,0.340018830750475,-0.0331725685288088,0.00571945343722246,-0.201077086984741,0.160526701415548,0.0508364274913065,0.0041543128871199
"94",0.00705312724186396,-0.167306552283609,0.0263083609646308,-0.0830682708052871,0.170087735862459,1.32625166511979,0.544315745557947,0.318148274335061,-0.0127158061232122,0.0019103436109085,-0.186371295232907,0.101462538735199,-0.00252941751534559,0.00573567555452964
"95",0.00246796971437197,-0.112783818506991,0.0393900486553973,-0.0891015542287746,0.224255319874105,0.55733686603168,0.53260004655109,0.298682787980589,-0.0114674497643945,0.00326435962620143,-0.193748391003697,0.0750187184102244,-0.00489473068171817,0.00580559561519286
"96",0.00825008655633498,-0.14731208586319,0.0390865874245812,-0.161454967464425,0.26714261526191,0.155241556709739,0.336231514545654,0.251052421314763,0.0308930879731004,0.00321151507473485,-0.141630762104843,-0.0217616247187266,0.0626878687525856,0.00230544095994326
"97",0.00431027014594569,-0.103493244558734,0.0258837333233234,-0.102062258080676,0.206695363096994,0.48952476487874,0.67221438449088,0.280694354947418,-0.0140236878461291,0.00671927002609305,-0.234612069495769,0.192867993759622,0.0212678080114045,0.00444054124737863
"98",0.0053486683573923,-0.124147320401575,0.0195936858100995,-0.158602222144314,0.278909205357652,0.518407022864515,0.472745465476522,0.3062427807137,-0.0120673626210129,0.0055605747136488,-0.237754806389324,-0.132504352107533,-0.00444794503815975,0.00719356455786261
"99",0.00399490471332564,-0.1087808411709,0.024366570965976,-0.176834840935896,0.210819751932328,1.16435696331862,0.654204218649893,0.238428542272495,-0.0347712120536603,0.00775371213438585,-0.256125956704481,0.074100025220225,0.00102994208782881,0.00577045882018931
"100",0.000826339617044087,-0.101503091999521,0.0367837643652296,-0.254250011867989,0.286824048514356,1.27480089572808,0.565815918017473,0.297807605982253,0.0169913101613837,0.00267054782369019,-0.257197439043188,0.09560823635525,-0.0571295055029312,0.007149294983383
"101",0.00324663394409424,-0.150464062256368,0.0186397447346055,-0.118609059599369,0.258315766250935,0.0105953266721913,-0.147253599997137,0.239245249918739,-0.0400435373442932,0.00678885130712595,-0.294464844749597,0.0741651433127318,0.0200141664776761,0.00699143438454731
"102",0.00920404678342331,-0.162385547694721,0.0164251578315709,-0.157581973451347,0.193223467368461,1.09655120471391,0.50232053365887,0.179493436851531,-0.0191791646686849,0.00863129857280466,-0.187581585860571,0.23176963925564,-0.0151322392286934,0.00616526573315758
"103",0.0096731573804324,-0.17012172075528,0.0242787003344755,-0.171049176017785,0.213528809880814,0.107791139155714,0.358632891441287,0.258697221995049,-0.00831136239025069,0.00631198210610251,-0.29916434534342,-0.241446536193099,0.0088976473055971,0.00675357923452905
"104",0.00586491990198802,-0.0946726399776978,0.0351911699594066,-0.207302147142586,0.128634390994311,-0.15794254150131,0.254506441814108,0.246582917873959,0.0104218325898284,0.00585078121229408,-0.127476717379478,-0.0397562356306595,0.0560591648164567,0.00581193266786565
"105",0.00732609429062265,-0.1237937998638,0.0311896069051818,-0.0482196428423096,0.209809718688896,0.294359810549404,0.133056531184589,0.217887353771983,0.0190631962266079,0.00675780479133771,-0.184703673518098,-0.0617697264892045,0.0373489262643203,0.00485649780014484
"106",0.00403337521197849,-0.110529734684052,0.0320613683443524,-0.179204755930586,0.265142914399404,0.0516125574107678,0.47333131912427,0.185333896068341,0.00502135246085832,0.00577500350301928,-0.242656800791642,-0.0460909245323655,0.0172129641863031,0.00491887111422551
"107",0.00390862662306287,-0.11546325140721,0.030230094013486,-0.0868144089391104,0.202364370502703,0.470258704131516,0.588504823573236,0.203988700636033,-0.01701151294745,0.00708302726534766,-0.209459693121143,0.0973851381426978,0.0159173833297755,0.00595335071498567
"108",0.00634111504216508,-0.116101049360405,0.0345118637112641,-0.142592184870271,0.209308288607696,-0.179329396075252,0.155655887275219,0.23130010121192,-0.0225207327533189,0.00623665745587922,-0.328688320633106,0.0703190816570133,0.0980811357869617,0.00546310608921333
"109",0.000697926093299886,-0.147791432836266,0.0161246902694088,-0.116748248629573,0.201520932800528,0.142375728453999,0.243643943085336,0.240982250478495,0.00177766561826045,0.00505268005020372,-0.325850413067129,0.0378841140379537,0.0423526803359919,0.0072187844076394
"110",0.00558247002289952,-0.162186015219491,0.0366331575163887,-0.079937726163367,0.240237508138393,1.39483219976469,0.368043807566925,0.277345905727949,0.0118997482562032,0.00382229399270042,-0.196660246595638,0.221913921845778,0.0192939436884253,0.00666681390783274
"111",0.00513325910343116,-0.141452621951824,0.041584244009625,-0.157167090050335,0.226502513305815,0.768799762958903,0.493070767578571,0.275304575754191,0.000412244504037577,0.00490715806995657,-0.214818328850242,0.134553122118295,0.044909456209127,0.00576964455986608
"112",0.00732567865384517,-0.124644323016492,0.0460608997899781,-0.190087126065961,0.183668219169662,0.220277010454196,0.459868415408167,0.217622988756701,0.00569008963242886,0.0044770940362267,-0.172888233423299,0.143805736310073,0.0448905817313859,0.00578290682470683
"113",0.00547258395515559,-0.150280840565618,0.0359391450902514,-0.126901907469938,0.296815664844121,0.0391952346315643,0.476523216331994,0.311661433340444,-0.0380478974862616,0.00330243242722929,-0.207642473905179,-0.00466644451756322,0.0280001592099249,0.00562192927819756
"114",0.00671622794293152,-0.156351983843368,0.0257833265138803,-0.163597128250758,0.138363083473922,0.859747520274261,0.45714986118688,0.326120056122581,0.00752937928458734,0.00529767165210031,-0.216636815945427,-0.00640609180882636,-0.0134744276209332,0.00747201814265765
"115",0.0058493966468816,-0.108057850940596,0.0429384791844194,-0.196550983643055,0.257939210956408,0.382018292160808,0.487836185588628,0.303352344628176,0.00865856142652141,0.00816343004896643,-0.238488273924135,0.313527283616863,-0.0332423200800332,0.00724640014618912
"116",0.00292665478491072,-0.169607068287398,0.034371890401298,-0.225266999996837,0.21151212625986,0.893758625177386,0.207380088167795,0.283285361339402,0.0112772162959262,0.00285652576208567,-0.1731320364132,0.0742752162038103,-0.000662465750830489,0.00621872901745165
"117",0.00724624387366907,-0.114924352307335,0.0355039539889755,-0.0968084272848386,0.153161831057791,0.418296637609621,0.378134840876883,0.266740834348323,-0.0751065921240847,0.004634401035212,-0.150407401108152,0.130836224657995,0.0941016119027131,0.00493894334037068
"118",0.00419756546103136,-0.144567855758323,0.0112626110698954,-0.241242161430394,0.258440629107438,1.00094815176498,0.494761054571149,0.202913248611947,-0.0113524140169117,0.00516029127007899,-0.285405310289294,0.221056895170777,0.0371471929518629,0.00608088216517503
"119",0.00462483068961662,-0.121245140316661,0.0164226346066858,-0.162781001634765,0.318715625696981,0.652686504890072,0.606859949079453,0.171356206358847,0.00941315258872301,0.00459271456298075,-0.264884412456482,-0.0425964007568788,0.0166880711237008,0.00598257421121999
"120",0.00658286153984769,-0.206280588415921,0.0503120979565475,-0.116735690865579,0.25286123616037,-0.259268924220123,0.286591192619143,0.337233728445928,0.000186008383286479,0.00547558961003752,-0.132993222730684,-0.0472893321279946,0.053702904636788,0.00541893708657874
"121",0.00252291386876125,-0.0963654634730639,0.041123757218999,-0.167586304161449,0.13450736119467,0.531704425856444,0.426963707952308,0.254696115567305,0.00475982230725376,0.00359869194170382,-0.178471593441899,0.036125114091958,0.0429588360829916,0.00412734294499554
"122",0.00252773488231414,-0.0874990487618246,0.0402386761176725,-0.140009993819928,0.281520284042472,-0.0201857021592544,0.833583496712885,0.256314502190901,-0.0423863369517846,0.0055077778462144,-0.196649719587522,0.047844681725054,0.018508639974535,0.00627226541224255
"123",0.00496213994349652,-0.0245567978050507,0.0343053038487039,-0.0781685554505918,0.273684730705385,0.88164706804563,0.664738604069155,0.259873237647462,0.00617829909368287,0.00625115554553745,-0.285195971849784,0.0523471607299913,0.029601072413715,0.00426006669869115
"124",0.00773908944571999,-0.160522317167822,0.0302577076671155,-0.0736559259140855,0.287950530018735,0.215621487037335,0.295253249963637,0.188430485859456,0.0151206797657569,0.00366671179842241,-0.279505385114156,-0.0173643693058821,-0.013527531440689,0.00586975981022924
"125",0.0015855943796772,-0.151191918684985,0.0119071246288622,-0.0834920036431869,0.208263686929974,-0.349781983878051,0.633040879746809,0.292059513902499,-0.00542083690144787,0.00371945716167639,-0.29189146154219,0.139243223131216,0.0150316914213909,0.00549843953907254
"126",0.00882624872793447,-0.111945404713819,0.0166786533929035,-0.0125205882618078,0.159986245417621,0.186998126781611,0.241622347321315,0.19662281063808,-0.0176909268309026,0.00612725715749836,-0.205725454561487,0.142795665274701,0.0294485667209112,0.0057566256144505
"127",0.00628900251394705,-0.142625569835557,0.0397305694339055,-0.0712430469188663,0.164473786314646,0.101272364826972,0.15284328941428,0.248249433816536,-0.00638341501243944,0.00591011309194436,-0.331150808461021,0.336420619595476,0.0125462078225354,0.00720915685001296
"128",0.00793314835358192,-0.111533899404829,0.0232201025167496,-0.12900194443276,0.209090485697471,-0.0752662016186673,0.114910151783591,0.263925770049543,-0.00934721500593787,0.00203856108716041,-0.236535558481283,0.0160971288146938,0.0315478681801788,0.0055342433437992
"129",0.00215636539402609,-0.101146455159198,0.0380504512165494,-0.177289934691046,0.285181796378552,0.407163654793864,0.778064098711023,0.27019060633708,-0.00192617790594054,0.00631879317625463,-0.286035073841924,0.188069413404181,0.074996040996148,0.00540945341537995
"130",0.00495248726737286,-0.0947160264359364,0.0402072705972047,-0.120303895406113,0.132197119816163,-0.182127759090363,0.742089523071997,0.241667162813709,-0.00744373440528965,0.00536348415135389,-0.208982843704712,-0.0403060970627809,0.0411391456006393,0.00688199286685975
"131",0.009142780939785,-0.114891281804427,0.0260704885362623,-0.173706690248478,0.177554906457464,0.251728695396298,0.40449329073884,0.245725887167503,-0.00101110377256938,0.00477654209352906,-0.299013123144793,0.160144563116869,0.0983047357488893,0.00549523824184139
"132",0.00517228264627367,-0.156841127521595,0.019339514886757,-0.15420068440176,0.260360397206501,0.360031388615139,0.469255884003563,0.231588765288569,-0.0283664651429092,0.00321608173332739,-0.193676754560092,-0.0142522820469046,0.0231369887085514,0.00500242240360957
"133",0.00277035036363411,-0.103197863825639,0.0357523602707269,-0.117187884157088,0.268809622080694,0.158468641767101,0.544887999823785,0.209914082425435,0.0142311023387103,0.00623220261407191,-0.192823783714822,0.112897698397475,-0.0326013086980893,0.00707222517130663
"134",0.00950647606430472,-0.0977339658440711,0.0199878096194475,-0.266463426173969,0.204992568637665,-0.602806898211148,0.138218974109358,0.226026871793772,-0.0282771544520667,0.00409773132546113,-0.200253850767922,0.0491036014652986,0.00585934909116299,0.00586831245114296
"135",0.010613585901883,-0.118915317962143,0.0309062912195084,-0.233271950453621,0.188680396885617,0.703004013459377,0.454552035080643,0.276804600094267,-0.0032914271552084,0.00686976322275799,-0.182924597316276,0.0442950127451239,0.0832773960820627,0.00431915556149767
"136",0.00455457178680157,-0.125203279906342,0.0159304603396819,-0.113632202315926,0.205554185276976,0.00890897894143128,0.362014592908664,0.269832906793346,-0.000135751881332107,0.00246771565630796,-0.174939608997967,0.170718364588628,0.0622845081736071,0.00554494925962002
"137",0.00687413971404817,-0.144871942375689,0.0221802175813014,-0.21022591629017,0.291209195283371,0.427521522825306,0.692468745614054,0.225317393561241,0.0121590336629951,0.00846816383682163,-0.183132132191851,0.213432241672133,0.025578874747854,0.0048876339887406
"138",0.00292444479762609,-0.133334864148602,0.0244748603225663,-0.149916116093142,0.2633177304247,1.32926013481023,0.485693225505494,0.273564339005728,-0.0292385523114411,0.00320890162256235,-0.17773605804291,0.340836424736839,0.0312693398184056,0.00545165022179804
"139",0.00777840492246314,-0.116023729624387,0.0225458810587734,-0.10839872057874,0.142730658115231,0.700439734133751,0.291767280956265,0.212027896858423,-0.02740405029117,0.00499190828945937,-0.23155667940303,0.255437867360347,-0.0380355748191503,0.00651077727918508
"140",0.00619498676006276,-0.117361357131024,0.0289043013923409,-0.155356563601687,0.245599640937037,0.590345381397372,0.681834615614841,0.369479259078696,0.0143883362001419,0.00357775860196665,-0.263824486927466,0.19424580512597,0.0253943467725294,0.00551675937838253
"141",0.0034187197977096,-0.112771145181507,0.018802926822416,-0.196234040958683,0.194305252979495,0.176599768538777,0.761129386657672,0.251393659847179,-0.0370683542068969,0.00506109843930849,-0.269045946711226,0.0236950184416294,0.0504221003959188,0.00510471542515115
"142",0.00542092958343011,-0.136704737654332,0.0280933577489925,-0.0971843044442362,0.288250724686612,0.475764411431828,0.49912032959659,0.277034955492125,-0.0322095837560115,0.00491182270607783,-0.194493751731647,0.203710220691491,-0.00760439263193322,0.00601207334915833
"143",-0.00200992141453959,-0.0703677256711576,0.0242529950920492,-0.102105894184461,0.175871467725364,0.886039733879298,0.230953706364238,0.254631288384745,-0.00353844792673195,0.00401529380357169,-0.215982930761,-0.0552593822007638,0.0370406363601029,0.00597504619486178
"144",0.0081161814078957,-0.14523638131699,0.0228302205389079,-0.0427207981855285,0.158218601505706,1.24314097318255,0.265936433166688,0.293705084674021,-0.000777777072186841,0.007650813124632,-0.232215676813833,0.163643589244029,0.0297409340306417,0.00477308064078211
"145",0.00486108957510816,-0.122392326645606,0.0196952195636861,-0.069769532244583,0.224238216577115,-0.0201791531519914,0.582604245654424,0.260273634129212,0.000856905985253002,0.00556945445016689,-0.188453269859775,0.345307426635026,0.048014383558566,0.00416393708135467
"146",0.00628479519605777,-0.135673000491689,0.0527485818796295,-0.0944497513337147,0.18110963946547,-0.19100897205046,0.381594163833486,0.19407139912221,-0.002492635015988,0.00311496464107951,-0.255469818999992,0.184460360623652,0.0309456952695664,0.00544125248416594
"147",0.00413394005471399,-0.124225879050732,0.030007418721022,-0.159303721231273,0.278607191440437,-0.122819788231917,0.0833261482803783,0.255800376242544,0.0209736051313305,0.00609253569024441,-0.164148772888404,0.196469594224273,0.0107012013957787,0.00645081608431124
"148",0.00482096063945959,-0.157803269101789,0.0192096320210516,-0.139238281103046,0.236349455892453,0.0349173520292333,0.465622167721363,0.394100891079731,-0.0261128928490718,0.0042502314408924,-0.215102526317962,0.350287775309341,0.0744341499799983,0.00492482521541395
"149",0.00293858694045195,-0.140654717331684,0.0374914047808987,-0.212000976005481,0.226457502269694,1.2007263774414,0.661201575099673,0.238018725899662,-0.0141727008569262,0.00369377477393492,-0.242041969441041,0.229612108022585,0.0490718381791725,0.00580532592993725
"150",0.00883397911008152,-0.123830176301023,0.0303405184455393,-0.0913336518352363,0.167813912033504,0.414619175732621,0.10368164175065,0.251471804886661,0.0512192538305924,0.00369597405513309,-0.139538951139781,0.0907235713549703,0.0484412367288673,0.00526974535931466
"151",0.0041737989668948,-0.14794863230872,0.0176047032237151,-0.16415550149813,0.249812519567814,-0.379469238434252,0.369149660297617,0.259676856860169,-0.0063752171910682,0.00397950840787225,-0.282099601225338,0.110379588380224,0.0368198253070792,0.00680053721537799
"152",0.00442883594739542,-0.143422568107762,0.0211764235474849,-0.0212896064127472,0.263412622246562,0.871560582848688,0.481251901999442,0.230249749850425,-0.0453432676929642,0.00886153358613678,-0.180819970028894,-0.103239536769033,0.0687718343190261,0.0042849130942121
"153",0.00112960680007278,-0.114099389003871,0.0364831083731371,-0.13470172950585,0.194110483187966,0.765990736342535,0.548412944800617,0.306347104635209,0.0190370712095064,0.00680455335787289,-0.305300276945923,0.0336440113218798,0.00956248534886733,0.00597149979431947
"154",0.0067906839538376,-0.125389502835215,0.0363342921137062,-0.149821650694157,0.220452663439166,0.810079263824938,0.54287637239699,0.28645809916288,-0.012021454734824,0.0086398141537501,-0.165974739471766,0.251128796261682,0.0139396869169363,0.00463593290693342
"155",0.00276266849505793,-0.0756834537455311,0.0421556257477468,-0.140545308337966,0.234119101448853,0.330794063845157,0.358059117682495,0.172864443510568,0.00421838576191886,0.0058659394486057,-0.216415412012601,0.0730721042489408,-0.029523711418478,0.00743724262161313
"156",0.0086547644408865,-0.0998128839933755,0.0357698606602223,-0.120681374800398,0.367052834362112,0.578353928078137,0.171874590349274,0.288059310190416,-0.00309164480239509,0.000596662039328415,-0.243850420479517,0.239273234660774,0.0612140086168994,0.00451858010696585
"157",0.00810198047212931,-0.133593537158929,0.0338335800779403,-0.198094337999204,0.240324909055728,0.407700461906833,0.221512569752952,0.201841864227707,-0.0036252921030601,0.00365563253381492,-0.185472131516343,0.155400291036149,0.00834461883459678,0.00600989123713083
"158",0.00706767692396999,-0.159723115978568,0.0300686008564152,-0.161428829893998,0.218587795430206,0.746153626990799,0.365882793493701,0.223756691859609,0.00735687978157162,0.00312539332130925,-0.161262930265133,-0.167388844012685,0.0500844507721387,0.00639496095336926
"159",0.00594478962963517,-0.167134287788445,0.0413600833995022,-0.106850605323781,0.207961098892013,-0.300855156908178,0.329777698848556,0.209258880664556,-0.0263744770747076,0.00158897270094334,-0.234147433072483,-0.0213207806124016,0.0634347936455307,0.00607058749703372
"160",0.00758444921112614,-0.155565852622177,0.0207258167711473,-0.193682679346072,0.226548574749869,0.904914794196358,0.478254521628801,0.310978243224288,0.0487929140830658,0.0076434063936097,-0.230259955811705,-0.012131498662527,-0.078588660672303,0.00803091441525221
"161",0.00594487310350763,-0.145076810275728,0.0434153373231329,-0.224561431835826,0.234825978773656,0.66199050188854,0.400463737533318,0.287730984890273,-0.035840612463198,0.0072565208799507,-0.226481178551121,0.105396682745334,0.0573824381776792,0.00475655406240306
"162",0.000747008317512806,-0.115398869534552,0.0281783890371927,-0.132752854553868,0.258162601967215,1.65106748613029,0.0367748695850583,0.257120047613148,-0.0164759027468449,0.00260772655931748,-0.234355814458292,-0.0895574551706966,0.013173899825855,0.00435717843981914
"163",0.00681976333169718,-0.170255582488943,0.0243636514820497,-0.112812233567014,0.197598718303221,1.07891686259938,0.186477981974477,0.2774588981547,-0.00954611908691094,0.00405823238000134,-0.26663699783792,-0.0656827730275933,0.0250798327239675,0.00590169284502387
"164",0.0082205434674834,-0.0975440150584746,0.0371524698214958,-0.104229607338368,0.226237738940524,0.0127393448563656,0.179551060434121,0.241220702234354,0.0367731612959606,0.00466006411374075,-0.204973943648716,-0.249381515651579,-0.0859982858139252,0.00835841967528852
"165",0.00439143060560519,-0.144313327272633,0.026927573545311,-0.111691582616974,0.146332514844887,-0.293247092651275,0.569501314823467,0.20344879057117,0.0126125889988958,0.00485364739878047,-0.217764173309711,0.078568932184703,0.0197621016794269,0.00572083518415069
"166",0.00489905182819832,-0.113180575978027,0.0289206161299201,-0.0780925167096482,0.211612620132267,0.62850253818203,0.290221622573131,0.250860655458822,0.0144622419017307,0.00184571478197946,-0.165893323382901,0.0789647733034528,0.0339774978853586,0.00603554236811734
"167",-0.000462639339235296,-0.14955322093862,0.0300026610380314,-0.10529412666599,0.237009332657047,0.570127000158037,0.271590349149402,0.302225438752938,-0.00399969654714727,0.00788183059929258,-0.199801920544568,0.00883623262110154,0.00776612667375375,0.00541477182151657
"168",0.00972717873434645,-0.132293904847859,0.0161819180975511,-0.116291130287551,0.143491204944305,0.135938371954387,0.527847677483076,0.254635416120471,0.0134221327548713,0.00529486577931832,-0.208620469368108,0.240189766319283,0.0463379437716996,0.00457986087850651
"169",0.0080785203439286,-0.177211712745262,0.0324349276916036,-0.137271753305804,0.30619378068865,0.399903552366313,0.637173619999323,0.232330807072127,-0.0108234252908362,0.00528156014397592,-0.197752508562271,0.114110895137589,0.0266396847480976,0.00639398375655449
"170",0.00252701541930383,-0.105456712334328,0.0137437937557952,-0.178853387545591,0.187903630443691,-0.087965587916954,0.461928758883982,0.169213449999194,-0.00178521032114511,0.00217439606600109,-0.164011250469302,0.152511689577296,-0.0211588650931113,0.00712069985966981
"171",0.00493050387463659,-0.104068935059369,0.035189663405294,-0.141855211628473,0.238735358342425,0.954719059108806,0.620019632048265,0.187247625834046,0.0152863556600563,0.0043035295000618,-0.221833297862749,0.14371058985038,0.0652453202225483,0.0053509857955345
"172",0.00341561236668219,-0.145304934337135,0.0249612772975502,-0.152714536964897,0.179917123857921,0.768228211652922,0.349870666799175,0.226914123106448,-0.0132041732405852,0.00459586369676461,-0.30277696918426,0.100173103607806,0.0925819063072503,0.00398399625083008
"173",0.00722136997600234,-0.0986372794262891,0.0338217380029484,-0.0712622401824982,0.259360365636164,0.159485073276318,0.609267998027841,0.274967671701816,-0.0240425817378882,0.00527743618534228,-0.253177796478223,0.284571375256174,0.0248714202648866,0.0060316455658891
"174",0.0073997992453791,-0.0870638497659811,0.0340560153621891,-0.0974329642477722,0.265106209066234,0.229969580970328,0.54016293788153,0.191679110362576,-0.0168498728696318,0.010251733336398,-0.239120388068279,-0.115775569786201,0.0147166191158115,0.00512015005242467
"175",0.00605256490174703,-0.0829249933145289,0.0318889481579574,-0.102654647757979,0.275860646582111,0.653485729778506,0.296115968398368,0.299116347314432,0.0159067863580382,0.00929690090567553,-0.223394517710542,0.0590392421764833,0.0478976960787238,0.00419642112803691
"176",0.00667065355405093,-0.158081133950643,0.0259508473710175,-0.0296068331033003,0.220179095111815,0.453719390022888,0.371227520380729,0.290222023471419,-0.00223307280746803,0.00518677006561955,-0.214713376464556,0.228784883417127,-0.0197140976411507,0.00474960825438698
"177",0.00119304362379469,-0.133248183113573,0.0203995472807743,-0.206514326423468,0.279645602594783,1.16923320430908,0.337131354539113,0.172552623481775,-0.0191479026465847,0.00539639399275567,-0.201228273553475,0.268395322502511,-0.0174621486242487,0.0057336650368884
"178",0.0102471976087683,-0.162100245489232,0.0368711606031038,-0.117878168945446,0.272119702393451,-0.0711999691527909,0.473643681563405,0.219536056375096,0.0046704622931954,0.00514914672103681,-0.229101405387388,-0.0779424294022006,0.00240425718101768,0.00732388033327995
"179",0.00342675779334668,-0.0980527274662054,0.0357560070180272,-0.17542649675466,0.215714016441094,0.909909264977181,0.440068791726881,0.249610630504675,-0.00262916236368184,0.00579879250354658,-0.2056914725267,0.119792278554513,0.091461780559937,0.00377784659201176
"180",0.00342347607066642,-0.138564112638824,0.036843091936085,-0.179095625744851,0.34341914317262,-0.0582459802735667,0.42903939161546,0.244575357874383,0.00638502435039042,0.00739380859963709,-0.280293687914376,0.211061373256056,0.0559192787989516,0.00454428721609529
"181",0.00498190975636979,-0.0999836651588217,0.0217177055977304,-0.141849669493532,0.255010071216738,-0.14600549373482,0.666299973087525,0.28063629107273,0.00281041582168589,0.00959479034015426,-0.217017747584873,0.192289220236743,-0.023664200658822,0.0067503899262418
"182",0.00401565118289128,-0.160906603468088,0.0411491233351741,-0.0175371627812982,0.139441970255394,0.175975526945799,0.523617009028436,0.268144771618256,-0.0194746355444048,0.00282532318295024,-0.255521124414606,0.362296989919902,0.0217587592169552,0.00416712561165927
"183",0.00406876801259228,-0.126004733788383,0.0316852601744472,-0.169932839757194,0.210830955632044,0.604481183827684,0.584247300035938,0.223012496810019,0.0314695464508392,0.00614165750157725,-0.26689616392557,0.179324019475009,0.0125446316655925,0.00584297042606536
"184",0.0031140094078692,-0.164958807693213,0.0181212639269137,-0.240174811285813,0.220766053080759,-0.107134609840518,0.315278625310077,0.314748702721307,0.00646435737100573,0.00630391570784952,-0.232485122573254,0.25494536331371,-0.00286844150022753,0.00566738098037325
"185",0.00296688606220296,-0.106698107626315,0.0391258478805957,-0.095034108322623,0.311081148842869,-0.560924949813703,0.151753056579277,0.235665231290019,-0.0202411483118423,0.00245373976319791,-0.275296719159772,0.123648119459114,0.103961491466575,0.00485950496681051
"186",0.00327153801187815,-0.101880918884111,0.024686727367507,-0.11562496207985,0.240077821736045,0.381098327372547,0.297903894279672,0.340869628262806,-0.00808967507590018,0.00821784591740706,-0.219599786681906,-0.0502767973256841,0.0485326238649725,0.00591138740449879
"187",0.00141812349469335,-0.0827733525314755,0.028761588114462,-0.176823605193869,0.240736831758739,0.474034146140437,0.670375535845474,0.262453756273256,-0.0365848378864031,-0.000825417951203405,-0.273598651568312,0.124009137585724,0.013692206800594,0.00636309655735487
"188",0.00698104672834975,-0.0723936334718721,0.0349679257644024,-0.247578057600141,0.211618269132476,-0.0469717856120468,0.552410646457757,0.223897318088261,-0.0220080725261908,0.00612430892767561,-0.153921820935327,0.202967001198655,0.0411280994142931,0.00487284102560901
"189",0.0096801100705744,-0.124101789714728,0.0447274746696311,-0.0913167740968941,0.192198563022422,-0.339619373726074,0.737783491427819,0.174281711846681,-0.0411266767790585,0.0090242837125356,-0.184745068590993,0.097403699004613,0.0140750049365763,0.00547682485406573
"190",0.00242665184169952,-0.158477523820591,0.0254851164137545,-0.150530755596925,0.265633173507909,0.811946768256459,0.313932192247103,0.192913636670099,-0.0206278961050837,0.00362997751926178,-0.174101921241296,0.0882589854093557,0.0287386870404941,0.00770378849408377
"191",0.0049295477435889,-0.139555543057233,0.0129526085102128,-0.0565902969509004,0.1951949884275,-0.253464101877332,-0.0015336752375345,0.295651443283116,0.0137188023764307,0.00523592314890445,-0.278267619551243,0.115376299012459,0.072891338771317,0.00542942693833423
"192",0.00759015679943815,-0.130929412982191,0.0323549395425078,-0.00952083639876469,0.198518344575567,0.335042641922472,0.187609160712679,0.250489511978003,-0.0103066737920118,0.00684474241832705,-0.191618936187978,0.0471832508958498,0.00889900584227544,0.00622337837872494
"193",0.00373207035654641,-0.162741702954055,0.0276258604834727,-0.112674311360913,0.22608762787029,0.374719818727444,0.497350242728899,0.344346837335062,-0.0104338735602524,0.00440008253632438,-0.193822016618554,0.0123781051576834,0.0771870848135037,0.00457727943875804
"194",0.0035960683363152,-0.118766608458867,0.020281585697423,0.0516606064362472,0.188518495402407,0.971098487912312,0.7971938581723,0.230324268779413,0.00236651308159425,0.00433683750312709,-0.170563867129918,0.0492884855026451,0.0240460920172632,0.00642592892792269
"195",0.00708806028635593,-0.10636188928214,0.0190030268872677,-0.0811704423949296,0.22673727323919,1.12728140503311,0.542290351133856,0.334313565045836,-0.0107532667955608,0.00401024330288809,-0.227595561424775,0.172623892340371,0.0190239548717364,0.0062863628519572
"196",0.00977308066445534,-0.154320175293771,0.0380300095497998,-0.185436422402871,0.197627512801846,0.832083711416264,0.307440820284917,0.27723595559119,-0.038458447074927,0.00583926522083647,-0.118563613098734,0.232434046715698,0.0202095699542112,0.00357338235665372
"197",-0.000608381006525685,-0.120130080327556,0.0166404447796948,-0.1151415856254,0.156256507072299,1.36063503336204,0.304766746249714,0.236828663872276,-0.0276326235956525,0.0072307149377024,-0.168772085295711,0.0672318849596469,0.0508576233739045,0.00455476831211713
"198",0.00778214832625882,-0.0991138393366134,0.0267572545667468,-0.123385926718506,0.172930515869353,0.0728069411881013,0.562285944693623,0.296860318623934,0.0190131801865766,0.00361401051355066,-0.248134184351289,0.151138766928868,-0.00256759960367311,0.00566999240322311
"199",0.00800026744943142,-0.147309743871812,0.0486823222847544,-0.171578600987223,0.215748896310982,0.374290283294518,0.32772693241992,0.207597970256076,0.00121951507671128,0.00770647985486562,-0.244079162712914,0.0196928517940168,0.0416371059461488,0.00485626866363522
"200",0.00679473430821146,-0.086590447547291,0.0253833370628739,-0.0507817098081334,0.311712970640571,0.166022351917407,0.570119776827702,0.282305218223945,0.00471680695289473,0.00823629544127995,-0.325531364313618,0.0746119009818789,0.0735440230686231,0.0053681133569152
"201",0.00641710543838804,-0.153710174011047,0.0339732419818186,-0.161953656334545,0.295846302208629,0.390323853976021,0.419154568398664,0.272599683463424,-0.00663027868007422,0.00694989702913304,-0.169245570452199,-0.0294270599665165,-0.0197523027708555,0.00585256674523397
